INSERT INTO USER_GROUPS(ID,GROUP_NAME) VALUE(201,'ADMIN_GROUP');
INSERT INTO USER_GROUPS(ID,GROUP_NAME) VALUE(202,'USER_GROUP');

INSERT INTO USERS (ID,USERNAME, PASSWORD, ENABLED) VALUES (101,'admin',md5('admin'),1);
INSERT INTO USERS (ID,USERNAME, PASSWORD, ENABLED) VALUES (102,'guest',md5('guest'),1);
INSERT INTO USERS (ID,USERNAME, PASSWORD, ENABLED) VALUES (103,'user',md5('11'),1);

INSERT INTO USER_PROFILES(USER_ID,EMAIL,USER_GROUP_ID) VALUES (101,'abc@company.com',201);
INSERT INTO USER_PROFILES(USER_ID,EMAIL,USER_GROUP_ID) VALUES (102,'abc@company.com',202);
INSERT INTO USER_PROFILES(USER_ID,EMAIL,USER_GROUP_ID) VALUES (103,'abc@email.com',202);

INSERT INTO AUTHORITIES (USER_PROFILE_ID, AUTHORITY) SELECT ID,'ROLE_ADMIN' FROM USER_PROFILES WHERE USER_ID=101;
INSERT INTO AUTHORITIES (USER_PROFILE_ID, AUTHORITY) SELECT ID,'ROLE_USER' FROM USER_PROFILES WHERE USER_ID=101;
INSERT INTO AUTHORITIES (USER_PROFILE_ID, AUTHORITY) SELECT ID,'ROLE_USER' FROM USER_PROFILES WHERE USER_ID=102;
INSERT INTO AUTHORITIES (USER_PROFILE_ID, AUTHORITY) SELECT ID,'ROLE_USER' FROM USER_PROFILES WHERE USER_ID=103;

INSERT INTO PERMISSIONS (ID,AUTHORITY) VALUES (301,'ROLE_ADMIN');
INSERT INTO PERMISSIONS (ID,AUTHORITY) VALUES (302,'ROLE_USER');

INSERT INTO USER_GROUPS_PERMISSIONS (USER_GROUP_ID,PERMISSION_ID) VALUES (201,301);
INSERT INTO USER_GROUPS_PERMISSIONS (USER_GROUP_ID,PERMISSION_ID) VALUES (201,302);
INSERT INTO USER_GROUPS_PERMISSIONS (USER_GROUP_ID,PERMISSION_ID) VALUES (202,302);

