INSERT INTO USER_GROUPS(ID,GROUP_NAME,DESCRIPTION) VALUE(201,'ADMIN_GROUP','admin group');
INSERT INTO USER_GROUPS(ID,GROUP_NAME,DESCRIPTION) VALUE(202,'USER_GROUP','user group');

INSERT INTO USERS (ID,USERNAME, PASSWORD, ENABLED) VALUES (101,'admin',md5('admin'),'T');
INSERT INTO USERS (ID,USERNAME, PASSWORD, ENABLED) VALUES (102,'guest',md5('guest'),'T');
INSERT INTO USERS (ID,USERNAME, PASSWORD, ENABLED) VALUES (103,'user',md5('11'),'T');

INSERT INTO USER_PROFILES(USER_ID,FIRST_NAME,LAST_NAME,EMAIL,USER_GROUP_ID) VALUES (101,'michael','kim','abc@company.com',201);
INSERT INTO USER_PROFILES(USER_ID,FIRST_NAME,LAST_NAME,EMAIL,USER_GROUP_ID) VALUES (102,'michael','kim','abc@company.com',202);
INSERT INTO USER_PROFILES(USER_ID,FIRST_NAME,LAST_NAME,EMAIL,USER_GROUP_ID) VALUES (103,'michael','kim','abc@email.com',202);

INSERT INTO AUTHORITIES (USER_PROFILE_ID, AUTHORITY) SELECT ID,'ROLE_ADMIN' FROM USER_PROFILES WHERE USER_ID=101;
INSERT INTO AUTHORITIES (USER_PROFILE_ID, AUTHORITY) SELECT ID,'ROLE_USER' FROM USER_PROFILES WHERE USER_ID=101;
INSERT INTO AUTHORITIES (USER_PROFILE_ID, AUTHORITY) SELECT ID,'ROLE_USER' FROM USER_PROFILES WHERE USER_ID=102;
INSERT INTO AUTHORITIES (USER_PROFILE_ID, AUTHORITY) SELECT ID,'ROLE_USER' FROM USER_PROFILES WHERE USER_ID=103;

INSERT INTO PERMISSIONS (ID,AUTHORITY) VALUES (301,'ROLE_ADMIN');
INSERT INTO PERMISSIONS (ID,AUTHORITY) VALUES (302,'ROLE_USER');

INSERT INTO USER_GROUPS_PERMISSIONS (USER_GROUP_ID,PERMISSION_ID) VALUES (201,301);
INSERT INTO USER_GROUPS_PERMISSIONS (USER_GROUP_ID,PERMISSION_ID) VALUES (201,302);
INSERT INTO USER_GROUPS_PERMISSIONS (USER_GROUP_ID,PERMISSION_ID) VALUES (202,302);

